{
  "project_info": {
    "project_number": "542355647279",
    "project_id": "calculadora-44a6a",
    "storage_bucket": "calculadora-44a6a.appspot.com"
  },
  "client": [
    {
      "client_info": {
        "mobilesdk_app_id": "1:542355647279:android:25dfc339215ee5d1ac4fda",
        "android_client_info": {
          "package_name": "com.example.calculadora"
        }
      },
      "oauth_client": [],
      "api_key": [
        {
          "current_key": "AIzaSyDmeFrlMDMnqoHhqgBKbG4iONPDGkrj18c"
        }
      ],
      "services": {
        "appinvite_service": {
          "other_platform_oauth_client": []
        }
      }
    }
  ],
  "configuration_version": "1"
}